{
    "Precision": 0.9733333333333334,
    "Recall": 0.9733333333333334,
    "step": 2
}
