step	Precision
0	0.6666666666666666
1	0.96
2	0.9733333333333334
